from,to
https://www.wikipedia.org,//en.wikipedia.org/
https://www.wikipedia.org,//ru.wikipedia.org/
https://www.wikipedia.org,//ja.wikipedia.org/
https://www.wikipedia.org,//de.wikipedia.org/
https://www.wikipedia.org,//fr.wikipedia.org/
https://www.wikipedia.org,//es.wikipedia.org/
https://www.wikipedia.org,//it.wikipedia.org/
https://www.wikipedia.org,//zh.wikipedia.org/
https://www.wikipedia.org,//fa.wikipedia.org/
https://www.wikipedia.org,//pt.wikipedia.org/
https://www.wikipedia.org,//ar.wikipedia.org/
https://www.wikipedia.org,//de.wikipedia.org/
https://www.wikipedia.org,//en.wikipedia.org/
https://www.wikipedia.org,//es.wikipedia.org/
https://www.wikipedia.org,//fa.wikipedia.org/
https://www.wikipedia.org,//fr.wikipedia.org/
https://www.wikipedia.org,//it.wikipedia.org/
https://www.wikipedia.org,//arz.wikipedia.org/
https://www.wikipedia.org,//nl.wikipedia.org/
https://www.wikipedia.org,//ja.wikipedia.org/
https://www.wikipedia.org,//pl.wikipedia.org/
https://www.wikipedia.org,//pt.wikipedia.org/
https://www.wikipedia.org,//ceb.wikipedia.org/
https://www.wikipedia.org,//sv.wikipedia.org/
https://www.wikipedia.org,//uk.wikipedia.org/
https://www.wikipedia.org,//vi.wikipedia.org/
https://www.wikipedia.org,//war.wikipedia.org/
https://www.wikipedia.org,//zh.wikipedia.org/
https://www.wikipedia.org,//ru.wikipedia.org/
https://www.wikipedia.org,//af.wikipedia.org/
https://www.wikipedia.org,//ast.wikipedia.org/
https://www.wikipedia.org,//az.wikipedia.org/
https://www.wikipedia.org,//bg.wikipedia.org/
https://www.wikipedia.org,//zh-min-nan.wikipedia.org/
https://www.wikipedia.org,//bn.wikipedia.org/
https://www.wikipedia.org,//be.wikipedia.org/
https://www.wikipedia.org,//ca.wikipedia.org/
https://www.wikipedia.org,//cs.wikipedia.org/
https://www.wikipedia.org,//cy.wikipedia.org/
https://www.wikipedia.org,//da.wikipedia.org/
https://www.wikipedia.org,//et.wikipedia.org/
https://www.wikipedia.org,//el.wikipedia.org/
https://www.wikipedia.org,//eo.wikipedia.org/
https://www.wikipedia.org,//eu.wikipedia.org/
https://www.wikipedia.org,//gl.wikipedia.org/
https://www.wikipedia.org,//ko.wikipedia.org/
https://www.wikipedia.org,//hy.wikipedia.org/
https://www.wikipedia.org,//hi.wikipedia.org/
https://www.wikipedia.org,//hr.wikipedia.org/
https://www.wikipedia.org,//id.wikipedia.org/
https://www.wikipedia.org,//he.wikipedia.org/
https://www.wikipedia.org,//ka.wikipedia.org/
https://www.wikipedia.org,//lld.wikipedia.org/
https://www.wikipedia.org,//la.wikipedia.org/
https://www.wikipedia.org,//lv.wikipedia.org/
https://www.wikipedia.org,//lt.wikipedia.org/
https://www.wikipedia.org,//hu.wikipedia.org/
https://www.wikipedia.org,//mk.wikipedia.org/
https://www.wikipedia.org,//ms.wikipedia.org/
https://www.wikipedia.org,//min.wikipedia.org/
https://www.wikipedia.org,//my.wikipedia.org/
https://www.wikipedia.org,//no.wikipedia.org/
https://www.wikipedia.org,//nn.wikipedia.org/
https://www.wikipedia.org,//ce.wikipedia.org/
https://www.wikipedia.org,//uz.wikipedia.org/
https://www.wikipedia.org,//kk.wikipedia.org/
https://www.wikipedia.org,//ro.wikipedia.org/
https://www.wikipedia.org,//sq.wikipedia.org/
https://www.wikipedia.org,//simple.wikipedia.org/
https://www.wikipedia.org,//sk.wikipedia.org/
https://www.wikipedia.org,//sl.wikipedia.org/
https://www.wikipedia.org,//sr.wikipedia.org/
https://www.wikipedia.org,//sh.wikipedia.org/
https://www.wikipedia.org,//fi.wikipedia.org/
https://www.wikipedia.org,//ta.wikipedia.org/
https://www.wikipedia.org,//tt.wikipedia.org/
https://www.wikipedia.org,//te.wikipedia.org/
https://www.wikipedia.org,//th.wikipedia.org/
https://www.wikipedia.org,//tg.wikipedia.org/
https://www.wikipedia.org,//azb.wikipedia.org/
https://www.wikipedia.org,//tr.wikipedia.org/
https://www.wikipedia.org,//ur.wikipedia.org/
https://www.wikipedia.org,//zh-yue.wikipedia.org/
https://www.wikipedia.org,//ace.wikipedia.org/
https://www.wikipedia.org,//als.wikipedia.org/
https://www.wikipedia.org,//am.wikipedia.org/
https://www.wikipedia.org,//an.wikipedia.org/
https://www.wikipedia.org,//hyw.wikipedia.org/
https://www.wikipedia.org,//gor.wikipedia.org/
https://www.wikipedia.org,//ban.wikipedia.org/
https://www.wikipedia.org,//bjn.wikipedia.org/
https://www.wikipedia.org,//map-bms.wikipedia.org/
https://www.wikipedia.org,//ba.wikipedia.org/
https://www.wikipedia.org,//be-tarask.wikipedia.org/
https://www.wikipedia.org,//bcl.wikipedia.org/
https://www.wikipedia.org,//bpy.wikipedia.org/
https://www.wikipedia.org,//bar.wikipedia.org/
https://www.wikipedia.org,//bs.wikipedia.org/
https://www.wikipedia.org,//br.wikipedia.org/
https://www.wikipedia.org,//cv.wikipedia.org/
https://www.wikipedia.org,//dag.wikipedia.org/
https://www.wikipedia.org,//ary.wikipedia.org/
https://www.wikipedia.org,//nv.wikipedia.org/
https://www.wikipedia.org,//eml.wikipedia.org/
https://www.wikipedia.org,//hif.wikipedia.org/
https://www.wikipedia.org,//fo.wikipedia.org/
https://www.wikipedia.org,//fy.wikipedia.org/
https://www.wikipedia.org,//ga.wikipedia.org/
https://www.wikipedia.org,//gd.wikipedia.org/
https://www.wikipedia.org,//glk.wikipedia.org/
https://www.wikipedia.org,//gu.wikipedia.org/
https://www.wikipedia.org,//hak.wikipedia.org/
https://www.wikipedia.org,//ha.wikipedia.org/
https://www.wikipedia.org,//hsb.wikipedia.org/
https://www.wikipedia.org,//io.wikipedia.org/
https://www.wikipedia.org,//ig.wikipedia.org/
https://www.wikipedia.org,//ilo.wikipedia.org/
https://www.wikipedia.org,//ia.wikipedia.org/
https://www.wikipedia.org,//ie.wikipedia.org/
https://www.wikipedia.org,//os.wikipedia.org/
https://www.wikipedia.org,//is.wikipedia.org/
https://www.wikipedia.org,//jv.wikipedia.org/
https://www.wikipedia.org,//kn.wikipedia.org/
https://www.wikipedia.org,//pam.wikipedia.org/
https://www.wikipedia.org,//km.wikipedia.org/
https://www.wikipedia.org,//avk.wikipedia.org/
https://www.wikipedia.org,//ht.wikipedia.org/
https://www.wikipedia.org,//ku.wikipedia.org/
https://www.wikipedia.org,//ckb.wikipedia.org/
https://www.wikipedia.org,//ky.wikipedia.org/
https://www.wikipedia.org,//mrj.wikipedia.org/
https://www.wikipedia.org,//lb.wikipedia.org/
https://www.wikipedia.org,//lij.wikipedia.org/
https://www.wikipedia.org,//li.wikipedia.org/
https://www.wikipedia.org,//lmo.wikipedia.org/
https://www.wikipedia.org,//mai.wikipedia.org/
https://www.wikipedia.org,//mg.wikipedia.org/
https://www.wikipedia.org,//ml.wikipedia.org/
https://www.wikipedia.org,//mr.wikipedia.org/
https://www.wikipedia.org,//xmf.wikipedia.org/
https://www.wikipedia.org,//mzn.wikipedia.org/
https://www.wikipedia.org,//cdo.wikipedia.org/
https://www.wikipedia.org,//mn.wikipedia.org/
https://www.wikipedia.org,//nap.wikipedia.org/
https://www.wikipedia.org,//new.wikipedia.org/
https://www.wikipedia.org,//ne.wikipedia.org/
https://www.wikipedia.org,//frr.wikipedia.org/
https://www.wikipedia.org,//oc.wikipedia.org/
https://www.wikipedia.org,//mhr.wikipedia.org/
https://www.wikipedia.org,//or.wikipedia.org/
https://www.wikipedia.org,//as.wikipedia.org/
https://www.wikipedia.org,//pa.wikipedia.org/
https://www.wikipedia.org,//pnb.wikipedia.org/
https://www.wikipedia.org,//ps.wikipedia.org/
https://www.wikipedia.org,//pms.wikipedia.org/
https://www.wikipedia.org,//nds.wikipedia.org/
https://www.wikipedia.org,//crh.wikipedia.org/
https://www.wikipedia.org,//qu.wikipedia.org/
https://www.wikipedia.org,//sa.wikipedia.org/
https://www.wikipedia.org,//sat.wikipedia.org/
https://www.wikipedia.org,//sah.wikipedia.org/
https://www.wikipedia.org,//sco.wikipedia.org/
https://www.wikipedia.org,//sn.wikipedia.org/
https://www.wikipedia.org,//scn.wikipedia.org/
https://www.wikipedia.org,//si.wikipedia.org/
https://www.wikipedia.org,//sd.wikipedia.org/
https://www.wikipedia.org,//szl.wikipedia.org/
https://www.wikipedia.org,//su.wikipedia.org/
https://www.wikipedia.org,//sw.wikipedia.org/
https://www.wikipedia.org,//tl.wikipedia.org/
https://www.wikipedia.org,//shn.wikipedia.org/
https://www.wikipedia.org,//zgh.wikipedia.org/
https://www.wikipedia.org,//tum.wikipedia.org/
https://www.wikipedia.org,//bug.wikipedia.org/
https://www.wikipedia.org,//vec.wikipedia.org/
https://www.wikipedia.org,//vo.wikipedia.org/
https://www.wikipedia.org,//wa.wikipedia.org/
https://www.wikipedia.org,//zh-classical.wikipedia.org/
https://www.wikipedia.org,//wuu.wikipedia.org/
https://www.wikipedia.org,//yi.wikipedia.org/
https://www.wikipedia.org,//yo.wikipedia.org/
https://www.wikipedia.org,//diq.wikipedia.org/
https://www.wikipedia.org,//bat-smg.wikipedia.org/
https://www.wikipedia.org,//zu.wikipedia.org/
https://www.wikipedia.org,//mni.wikipedia.org/
https://www.wikipedia.org,//lad.wikipedia.org/
https://www.wikipedia.org,//kbd.wikipedia.org/
https://www.wikipedia.org,//ang.wikipedia.org/
https://www.wikipedia.org,//smn.wikipedia.org/
https://www.wikipedia.org,//anp.wikipedia.org/
https://www.wikipedia.org,//ab.wikipedia.org/
https://www.wikipedia.org,//roa-rup.wikipedia.org/
https://www.wikipedia.org,//frp.wikipedia.org/
https://www.wikipedia.org,//atj.wikipedia.org/
https://www.wikipedia.org,//arc.wikipedia.org/
https://www.wikipedia.org,//gn.wikipedia.org/
https://www.wikipedia.org,//av.wikipedia.org/
https://www.wikipedia.org,//ay.wikipedia.org/
https://www.wikipedia.org,//bew.wikipedia.org/
https://www.wikipedia.org,//bh.wikipedia.org/
https://www.wikipedia.org,//bi.wikipedia.org/
https://www.wikipedia.org,//bo.wikipedia.org/
https://www.wikipedia.org,//bxr.wikipedia.org/
https://www.wikipedia.org,//cbk-zam.wikipedia.org/
https://www.wikipedia.org,//ny.wikipedia.org/
https://www.wikipedia.org,//co.wikipedia.org/
https://www.wikipedia.org,//za.wikipedia.org/
https://www.wikipedia.org,//dga.wikipedia.org/
https://www.wikipedia.org,//se.wikipedia.org/
https://www.wikipedia.org,//pdc.wikipedia.org/
https://www.wikipedia.org,//dv.wikipedia.org/
https://www.wikipedia.org,//dsb.wikipedia.org/
https://www.wikipedia.org,//dtp.wikipedia.org/
https://www.wikipedia.org,//myv.wikipedia.org/
https://www.wikipedia.org,//ext.wikipedia.org/
https://www.wikipedia.org,//fon.wikipedia.org/
https://www.wikipedia.org,//ff.wikipedia.org/
https://www.wikipedia.org,//fur.wikipedia.org/
https://www.wikipedia.org,//gv.wikipedia.org/
https://www.wikipedia.org,//gag.wikipedia.org/
https://www.wikipedia.org,//inh.wikipedia.org/
https://www.wikipedia.org,//gpe.wikipedia.org/
https://www.wikipedia.org,//ki.wikipedia.org/
https://www.wikipedia.org,//gan.wikipedia.org/
https://www.wikipedia.org,//guw.wikipedia.org/
https://www.wikipedia.org,//xal.wikipedia.org/
https://www.wikipedia.org,//haw.wikipedia.org/
https://www.wikipedia.org,//rw.wikipedia.org/
https://www.wikipedia.org,//iba.wikipedia.org/
https://www.wikipedia.org,//kbp.wikipedia.org/
https://www.wikipedia.org,//csb.wikipedia.org/
https://www.wikipedia.org,//kw.wikipedia.org/
https://www.wikipedia.org,//kv.wikipedia.org/
https://www.wikipedia.org,//koi.wikipedia.org/
https://www.wikipedia.org,//kg.wikipedia.org/
https://www.wikipedia.org,//gom.wikipedia.org/
https://www.wikipedia.org,//ks.wikipedia.org/
https://www.wikipedia.org,//gcr.wikipedia.org/
https://www.wikipedia.org,//kge.wikipedia.org/
https://www.wikipedia.org,//kus.wikipedia.org/
https://www.wikipedia.org,//lo.wikipedia.org/
https://www.wikipedia.org,//lbe.wikipedia.org/
https://www.wikipedia.org,//ltg.wikipedia.org/
https://www.wikipedia.org,//lez.wikipedia.org/
https://www.wikipedia.org,//nia.wikipedia.org/
https://www.wikipedia.org,//ln.wikipedia.org/
https://www.wikipedia.org,//lfn.wikipedia.org/
https://www.wikipedia.org,//olo.wikipedia.org/
https://www.wikipedia.org,//jbo.wikipedia.org/
https://www.wikipedia.org,//lg.wikipedia.org/
https://www.wikipedia.org,//mad.wikipedia.org/
https://www.wikipedia.org,//mt.wikipedia.org/
https://www.wikipedia.org,//btm.wikipedia.org/
https://www.wikipedia.org,//mi.wikipedia.org/
https://www.wikipedia.org,//tw.wikipedia.org/
https://www.wikipedia.org,//mwl.wikipedia.org/
https://www.wikipedia.org,//mdf.wikipedia.org/
https://www.wikipedia.org,//mnw.wikipedia.org/
https://www.wikipedia.org,//mos.wikipedia.org/
https://www.wikipedia.org,//nqo.wikipedia.org/
https://www.wikipedia.org,//fj.wikipedia.org/
https://www.wikipedia.org,//nah.wikipedia.org/
https://www.wikipedia.org,//pcm.wikipedia.org/
https://www.wikipedia.org,//nds-nl.wikipedia.org/
https://www.wikipedia.org,//nrm.wikipedia.org/
https://www.wikipedia.org,//nov.wikipedia.org/
https://www.wikipedia.org,//om.wikipedia.org/
https://www.wikipedia.org,//blk.wikipedia.org/
https://www.wikipedia.org,//pi.wikipedia.org/
https://www.wikipedia.org,//pag.wikipedia.org/
https://www.wikipedia.org,//ami.wikipedia.org/
https://www.wikipedia.org,//pap.wikipedia.org/
https://www.wikipedia.org,//jam.wikipedia.org/
https://www.wikipedia.org,//pfl.wikipedia.org/
https://www.wikipedia.org,//pcd.wikipedia.org/
https://www.wikipedia.org,//krc.wikipedia.org/
https://www.wikipedia.org,//kaa.wikipedia.org/
https://www.wikipedia.org,//ksh.wikipedia.org/
https://www.wikipedia.org,//rm.wikipedia.org/
https://www.wikipedia.org,//rue.wikipedia.org/
https://www.wikipedia.org,//szy.wikipedia.org/
https://www.wikipedia.org,//sm.wikipedia.org/
https://www.wikipedia.org,//skr.wikipedia.org/
https://www.wikipedia.org,//sc.wikipedia.org/
https://www.wikipedia.org,//trv.wikipedia.org/
https://www.wikipedia.org,//stq.wikipedia.org/
https://www.wikipedia.org,//st.wikipedia.org/
https://www.wikipedia.org,//nso.wikipedia.org/
https://www.wikipedia.org,//tn.wikipedia.org/
https://www.wikipedia.org,//cu.wikipedia.org/
https://www.wikipedia.org,//so.wikipedia.org/
https://www.wikipedia.org,//srn.wikipedia.org/
https://www.wikipedia.org,//ss.wikipedia.org/
https://www.wikipedia.org,//shi.wikipedia.org/
https://www.wikipedia.org,//ty.wikipedia.org/
https://www.wikipedia.org,//kab.wikipedia.org/
https://www.wikipedia.org,//roa-tara.wikipedia.org/
https://www.wikipedia.org,//tay.wikipedia.org/
https://www.wikipedia.org,//tet.wikipedia.org/
https://www.wikipedia.org,//tpi.wikipedia.org/
https://www.wikipedia.org,//tly.wikipedia.org/
https://www.wikipedia.org,//to.wikipedia.org/
https://www.wikipedia.org,//tk.wikipedia.org/
https://www.wikipedia.org,//kcg.wikipedia.org/
https://www.wikipedia.org,//tyv.wikipedia.org/
https://www.wikipedia.org,//udm.wikipedia.org/
https://www.wikipedia.org,//ug.wikipedia.org/
https://www.wikipedia.org,//vep.wikipedia.org/
https://www.wikipedia.org,//fiu-vro.wikipedia.org/
https://www.wikipedia.org,//vls.wikipedia.org/
https://www.wikipedia.org,//wo.wikipedia.org/
https://www.wikipedia.org,//xh.wikipedia.org/
https://www.wikipedia.org,//zea.wikipedia.org/
https://www.wikipedia.org,//alt.wikipedia.org/
https://www.wikipedia.org,//awa.wikipedia.org/
https://www.wikipedia.org,//dty.wikipedia.org/
https://www.wikipedia.org,//tcy.wikipedia.org/
https://www.wikipedia.org,//bdr.wikipedia.org/
https://www.wikipedia.org,//bm.wikipedia.org/
https://www.wikipedia.org,//bbc.wikipedia.org/
https://www.wikipedia.org,//ch.wikipedia.org/
https://www.wikipedia.org,//dz.wikipedia.org/
https://www.wikipedia.org,//ee.wikipedia.org/
https://www.wikipedia.org,//gur.wikipedia.org/
https://www.wikipedia.org,//got.wikipedia.org/
https://www.wikipedia.org,//igl.wikipedia.org/
https://www.wikipedia.org,//iu.wikipedia.org/
https://www.wikipedia.org,//ik.wikipedia.org/
https://www.wikipedia.org,//kl.wikipedia.org/
https://www.wikipedia.org,//fat.wikipedia.org/
https://www.wikipedia.org,//nr.wikipedia.org/
https://www.wikipedia.org,//pih.wikipedia.org/
https://www.wikipedia.org,//ann.wikipedia.org/
https://www.wikipedia.org,//pwn.wikipedia.org/
https://www.wikipedia.org,//pnt.wikipedia.org/
https://www.wikipedia.org,//rmy.wikipedia.org/
https://www.wikipedia.org,//rn.wikipedia.org/
https://www.wikipedia.org,//rsk.wikipedia.org/
https://www.wikipedia.org,//sg.wikipedia.org/
https://www.wikipedia.org,//tdd.wikipedia.org/
https://www.wikipedia.org,//ti.wikipedia.org/
https://www.wikipedia.org,//din.wikipedia.org/
https://www.wikipedia.org,//chr.wikipedia.org/
https://www.wikipedia.org,//chy.wikipedia.org/
https://www.wikipedia.org,//ts.wikipedia.org/
https://www.wikipedia.org,//ve.wikipedia.org/
https://www.wikipedia.org,//guc.wikipedia.org/
https://www.wikipedia.org,//ady.wikipedia.org/
https://www.wikipedia.org,https://meta.wikimedia.org/wiki/Special:MyLanguage/List_of_Wikipedias
https://www.wikipedia.org,https://donate.wikimedia.org/?wmf_medium=portal&wmf_campaign=portalBanner&wmf_source=portalBanner_en6C_2024_overlayBanner4&uselang=en
https://www.wikipedia.org,https://donate.wikimedia.org/?wmf_medium=portal&wmf_campaign=portalBanner&wmf_source=portalBanner_en6C_2024_overlayBanner4&uselang=en
https://www.wikipedia.org,https://donate.wikimedia.org/?wmf_medium=portal&wmf_campaign=portalBanner&wmf_source=portalBanner_en6C_2024_overlayBanner4&uselang=en
https://www.wikipedia.org,https://donate.wikimedia.org/?wmf_medium=portal&wmf_campaign=portalFooter&wmf_source=portalFooter
https://www.wikipedia.org,https://en.wikipedia.org/wiki/List_of_Wikipedia_mobile_applications
https://www.wikipedia.org,https://play.google.com/store/apps/details?id=org.wikipedia&referrer=utm_source%3Dportal%26utm_medium%3Dbutton%26anid%3Dadmob
https://www.wikipedia.org,https://itunes.apple.com/app/apple-store/id324715238?pt=208305&ct=portal&mt=8
https://www.wikipedia.org,//commons.wikimedia.org/
https://www.wikipedia.org,//www.wikivoyage.org/
https://www.wikipedia.org,//www.wiktionary.org/
https://www.wikipedia.org,//www.wikibooks.org/
https://www.wikipedia.org,//www.wikinews.org/
https://www.wikipedia.org,//www.wikidata.org/
https://www.wikipedia.org,//www.wikiversity.org/
https://www.wikipedia.org,//www.wikiquote.org/
https://www.wikipedia.org,//www.mediawiki.org/
https://www.wikipedia.org,//www.wikisource.org/
https://www.wikipedia.org,//species.wikimedia.org/
https://www.wikipedia.org,//www.wikifunctions.org/
https://www.wikipedia.org,//meta.wikimedia.org/
https://www.wikipedia.org,https://creativecommons.org/licenses/by-sa/4.0/
https://www.wikipedia.org,https://foundation.wikimedia.org/wiki/Special:MyLanguage/Policy:Terms_of_Use
https://www.wikipedia.org,https://foundation.wikimedia.org/wiki/Special:MyLanguage/Policy:Privacy_policy
https://www.python.org,#content
https://www.python.org,#python-network
https://www.python.org,/
https://www.python.org,https://www.python.org/psf/
https://www.python.org,https://docs.python.org
https://www.python.org,https://pypi.org/
https://www.python.org,/jobs/
https://www.python.org,/community/
https://www.python.org,#top
https://www.python.org,/
https://www.python.org,https://psfmember.org/civicrm/contribute/transact?reset=1&id=2
https://www.python.org,#site-map
https://www.python.org,#
https://www.python.org,javascript:;
https://www.python.org,javascript:;
https://www.python.org,javascript:;
https://www.python.org,#
https://www.python.org,https://www.linkedin.com/company/python-software-foundation/
https://www.python.org,https://fosstodon.org/@ThePSF
https://www.python.org,/community/irc/
https://www.python.org,https://twitter.com/ThePSF
https://www.python.org,/about/
https://www.python.org,/about/apps/
https://www.python.org,/about/quotes/
https://www.python.org,/about/gettingstarted/
https://www.python.org,/about/help/
https://www.python.org,http://brochure.getpython.info/
https://www.python.org,/downloads/
https://www.python.org,/downloads/
https://www.python.org,/downloads/source/
https://www.python.org,/downloads/windows/
https://www.python.org,/downloads/macos/
https://www.python.org,/download/other/
https://www.python.org,https://docs.python.org/3/license.html
https://www.python.org,/download/alternatives
https://www.python.org,/doc/
https://www.python.org,/doc/
https://www.python.org,/doc/av
https://www.python.org,https://wiki.python.org/moin/BeginnersGuide
https://www.python.org,https://devguide.python.org/
https://www.python.org,https://docs.python.org/faq/
https://www.python.org,http://wiki.python.org/moin/Languages
https://www.python.org,https://peps.python.org
https://www.python.org,https://wiki.python.org/moin/PythonBooks
https://www.python.org,/doc/essays/
https://www.python.org,/community/
https://www.python.org,/community/diversity/
https://www.python.org,/community/lists/
https://www.python.org,/community/irc/
https://www.python.org,/community/forums/
https://www.python.org,/psf/annual-report/2021/
https://www.python.org,/community/workshops/
https://www.python.org,/community/sigs/
https://www.python.org,/community/logos/
https://www.python.org,https://wiki.python.org/moin/
https://www.python.org,/psf/conduct/
https://www.python.org,/community/awards
https://www.python.org,/psf/get-involved/
https://www.python.org,/psf/community-stories/
https://www.python.org,/success-stories/
https://www.python.org,/success-stories/category/arts/
https://www.python.org,/success-stories/category/business/
https://www.python.org,/success-stories/category/education/
https://www.python.org,/success-stories/category/engineering/
https://www.python.org,/success-stories/category/government/
https://www.python.org,/success-stories/category/scientific/
https://www.python.org,/success-stories/category/software-development/
https://www.python.org,/blogs/
https://www.python.org,/blogs/
https://www.python.org,/psf/newsletter/
https://www.python.org,http://pyfound.blogspot.com/
https://www.python.org,http://pycon.blogspot.com/
https://www.python.org,http://planetpython.org/
https://www.python.org,/events/
https://www.python.org,/events/python-events/
https://www.python.org,/events/python-user-group/
https://www.python.org,/events/python-events/past/
https://www.python.org,/events/python-user-group/past/
https://www.python.org,https://wiki.python.org/moin/PythonEventsCalendar#Submitting_an_Event
https://www.python.org,/shell/
https://www.python.org,//docs.python.org/3/tutorial/controlflow.html#defining-functions
https://www.python.org,//docs.python.org/3/tutorial/introduction.html#lists
https://www.python.org,http://docs.python.org/3/tutorial/introduction.html#using-python-as-a-calculator
https://www.python.org,//docs.python.org/3/tutorial/controlflow.html
https://www.python.org,//docs.python.org/3/tutorial/
https://www.python.org,/doc/
https://www.python.org,https://www.python.org/psf/donations/2024-q4-drive/
https://www.python.org,/about/gettingstarted/
https://www.python.org,/downloads/release/python-3131/
https://www.python.org,https://docs.python.org
https://www.python.org,//jobs.python.org
https://www.python.org,https://blog.python.org
https://www.python.org,https://mailchi.mp/python/python-software-foundation-july-2024-newsletter-19875208
https://www.python.org,https://pythoninsider.blogspot.com/2024/12/python-3131-3128-31111-31016-and-3921.html
https://www.python.org,https://pyfound.blogspot.com/2024/11/psf-board-retreat-2024.html
https://www.python.org,https://pythoninsider.blogspot.com/2024/11/python-3140-alpha-2-released.html
https://www.python.org,https://pyfound.blogspot.com/2024/11/help-power-python-2024-fundraiser.html
https://www.python.org,/events/calendars/
https://www.python.org,/events/python-user-group/1880/
https://www.python.org,/events/python-user-group/1855/
https://www.python.org,/events/python-events/1866/
https://www.python.org,/events/python-user-group/1841/
https://www.python.org,/events/python-user-group/1868/
https://www.python.org,/success-stories/
https://www.python.org,/success-stories/a-startup-healthcare-tech-firm-is-now-poised-for-the-future/
https://www.python.org,/success-stories/a-startup-healthcare-tech-firm-is-now-poised-for-the-future/
https://www.python.org,/about/apps
https://www.python.org,http://www.djangoproject.com/
https://www.python.org,http://www.pylonsproject.org/
https://www.python.org,http://bottlepy.org
https://www.python.org,http://tornadoweb.org
https://www.python.org,http://flask.pocoo.org/
https://www.python.org,http://www.web2py.com/
https://www.python.org,http://wiki.python.org/moin/TkInter
https://www.python.org,https://wiki.gnome.org/Projects/PyGObject
https://www.python.org,http://www.riverbankcomputing.co.uk/software/pyqt/intro
https://www.python.org,https://wiki.qt.io/PySide
https://www.python.org,https://kivy.org/
https://www.python.org,http://www.wxpython.org/
https://www.python.org,https://dearpygui.readthedocs.io/en/latest/
https://www.python.org,http://www.scipy.org
https://www.python.org,http://pandas.pydata.org/
https://www.python.org,http://ipython.org
https://www.python.org,http://buildbot.net/
https://www.python.org,http://trac.edgewall.org/
https://www.python.org,http://roundup.sourceforge.net/
https://www.python.org,http://www.ansible.com
https://www.python.org,https://saltproject.io
https://www.python.org,https://www.openstack.org
https://www.python.org,https://xon.sh
https://www.python.org,/psf/
https://www.python.org,/psf/
https://www.python.org,/users/membership/
https://www.python.org,/psf/donations/
https://www.python.org,#python-network
https://www.python.org,/about/
https://www.python.org,/about/apps/
https://www.python.org,/about/quotes/
https://www.python.org,/about/gettingstarted/
https://www.python.org,/about/help/
https://www.python.org,http://brochure.getpython.info/
https://www.python.org,/downloads/
https://www.python.org,/downloads/
https://www.python.org,/downloads/source/
https://www.python.org,/downloads/windows/
https://www.python.org,/downloads/macos/
https://www.python.org,/download/other/
https://www.python.org,https://docs.python.org/3/license.html
https://www.python.org,/download/alternatives
https://www.python.org,/doc/
https://www.python.org,/doc/
https://www.python.org,/doc/av
https://www.python.org,https://wiki.python.org/moin/BeginnersGuide
https://www.python.org,https://devguide.python.org/
https://www.python.org,https://docs.python.org/faq/
https://www.python.org,http://wiki.python.org/moin/Languages
https://www.python.org,https://peps.python.org
https://www.python.org,https://wiki.python.org/moin/PythonBooks
https://www.python.org,/doc/essays/
https://www.python.org,/community/
https://www.python.org,/community/diversity/
https://www.python.org,/community/lists/
https://www.python.org,/community/irc/
https://www.python.org,/community/forums/
https://www.python.org,/psf/annual-report/2021/
https://www.python.org,/community/workshops/
https://www.python.org,/community/sigs/
https://www.python.org,/community/logos/
https://www.python.org,https://wiki.python.org/moin/
https://www.python.org,/psf/conduct/
https://www.python.org,/community/awards
https://www.python.org,/psf/get-involved/
https://www.python.org,/psf/community-stories/
https://www.python.org,/success-stories/
https://www.python.org,/success-stories/category/arts/
https://www.python.org,/success-stories/category/business/
https://www.python.org,/success-stories/category/education/
https://www.python.org,/success-stories/category/engineering/
https://www.python.org,/success-stories/category/government/
https://www.python.org,/success-stories/category/scientific/
https://www.python.org,/success-stories/category/software-development/
https://www.python.org,/blogs/
https://www.python.org,/blogs/
https://www.python.org,/psf/newsletter/
https://www.python.org,http://pyfound.blogspot.com/
https://www.python.org,http://pycon.blogspot.com/
https://www.python.org,http://planetpython.org/
https://www.python.org,/events/
https://www.python.org,/events/python-events/
https://www.python.org,/events/python-user-group/
https://www.python.org,/events/python-events/past/
https://www.python.org,/events/python-user-group/past/
https://www.python.org,https://wiki.python.org/moin/PythonEventsCalendar#Submitting_an_Event
https://www.python.org,/dev/
https://www.python.org,https://devguide.python.org/
https://www.python.org,https://github.com/python/cpython/issues
https://www.python.org,https://mail.python.org/mailman/listinfo/python-dev
https://www.python.org,/dev/core-mentorship/
https://www.python.org,/dev/security/
https://www.python.org,#python-network
https://www.python.org,/about/help/
https://www.python.org,/community/diversity/
https://www.python.org,https://github.com/python/pythondotorg/issues
https://www.python.org,https://status.python.org/
https://www.python.org,/psf-landing/
https://www.python.org,/about/legal/
https://www.python.org,https://policies.python.org/python.org/Privacy-Notice/
http://eqofund.com,./
http://eqofund.com,./accounts/personal/
http://eqofund.com,./accounts/business/
http://eqofund.com,./accounts/patners
http://eqofund.com,/login/
http://eqofund.com,/login/
http://eqofund.com,/tracking
http://eqofund.com,./account/login/
http://eqofund.com,/login/
http://eqofund.com,/login/
http://eqofund.com,/login
http://eqofund.com,https://bybit.ewisepay.com/
http://eqofund.com,https://localcoinsswap.ewisepay.com/
http://eqofund.com,https://deriv.ewisepay.com/
http://eqofund.com,#
http://eqofund.com,./accounts/personal/
http://eqofund.com,./accounts/business/
http://eqofund.com,#
http://eqofund.com,./account/register/details/
http://eqofund.com,./m-wallet/
http://eqofund.com,./account/login/
http://eqofund.com,./account/login/
http://eqofund.com,./account/login/
http://eqofund.com,#
http://eqofund.com,#
http://eqofund.com,#
http://eqofund.com,#
http://eqofund.com,#
http://eqofund.com,#
http://eqofund.com,#
http://eqofund.com,#
http://eqofund.com,#
http://eqofund.com,#
http://eqofund.com,#
http://eqofund.com,#
http://eqofund.com,#
http://eqofund.com,#
http://eqofund.com,#
